{
    "thresholds": [
        0.2632632864981855,
        0.27021917551875285,
        0.27446503480766316,
        0.30010918942177384,
        0.3027700512183924,
        0.35439061394164423,
        0.35445880194153795,
        0.36624296863576405,
        0.3663203946818323,
        0.43301614337077465,
        0.43320304015082256,
        0.4738179270809745,
        0.4744234377220615,
        0.47861370140089843,
        0.47920680937421833,
        0.48191816351324934,
        0.48220363969995966,
        0.48573904002937596,
        0.4862256588874879,
        0.48980136081814524,
        0.4899264568036606,
        0.5265432909867129,
        0.5271785560348085,
        0.5961152463481819,
        0.5963427689846739,
        0.6319290839649444,
        0.6319415374537739,
        0.6546707414347879,
        0.6547017398221031,
        0.6924206919451845,
        0.6931605156875045,
        0.7516150870833506
    ],
    "values": [
        0.25,
        0.25,
        0.3,
        0.3,
        0.31746031746031744,
        0.31746031746031744,
        0.3404255319148936,
        0.3404255319148936,
        0.3589076723016905,
        0.3589076723016905,
        0.40444444444444444,
        0.40444444444444444,
        0.4117647058823529,
        0.4117647058823529,
        0.5,
        0.5,
        0.5294117647058824,
        0.5294117647058824,
        0.5625,
        0.5625,
        0.6,
        0.6,
        0.648854961832061,
        0.648854961832061,
        0.6657681940700809,
        0.6657681940700809,
        0.6684491978609626,
        0.6684491978609626,
        0.6714285714285714,
        0.6714285714285714,
        0.75,
        0.75
    ]
}